1|2.28
2|2.4
3|2.38
4|2.375
5|2.31
6|2.35
7|2.43
8|2.48
9|2.39
10|2.98
11|2.99
12|2.87
13|2.96
14|3
15|2.96
16|2.96
17|2.9
18|2.95
19|2.75
20|2.75
21|2.75
22|2.78
23|2.8
24|2.85
25|2.9
26|2.96
27|2.75
28|2.84
29|3.01
30|3.14
31|3.14
32|3.14
33|3.14
34|3.15
35|3.14
36|2.95
37|2.97
38|3.01
39|3.1
40|3.22
41|3.18
42|3.19
43|3.2
44|3.2
45|3.2
46|3.2
47|3.22
48|3.22
49|3.24
50|3.45
51|3.53
52|3.4
53|3.42
54|3.39
55|3.455
56|3.5
57|3.49
58|3.6
59|3.59
60|3.57
61|3.61
62|3.63
63|3.65
64|3.64
65|3.65
66|3.49
67|3.48
68|3.52
69|3.5
70|3.56
71|3.56
72|3.53
73|3.56
74|3.6
75|3.67
76|3.815
77|3.87
78|3.85
79|3.81
80|3.8202
81|3.7902
82|3.63
83|3.58
84|3.57
85|3.63
86|3.54
87|3.5802
88|3.56
89|3.58
90|3.58
91|3.6
92|3.55
93|3.54
94|3.55
95|3.58
96|3.61
97|3.66
98|3.65
99|3.64
100|3.66
101|3.66
102|3.7
103|3.74
104|3.61
105|3.63
106|3.64
107|3.64
108|3.65
109|3.64
110|3.64
111|3.63
112|3.63
113|3.64
114|3.64
115|3.64
116|3.64
117|3.62
118|3.58
119|3.6
120|3.61
121|3.64
122|3.62
123|3.62
124|3.63
125|3.63
126|3.63
127|3.65
128|3.66
129|3.61
130|3.63
131|3.62
132|3.64
133|3.62
134|3.64
135|3.65
136|3.65
137|3.63
138|3.64
139|3.68
140|3.67
141|3.67
142|3.65
143|3.67
144|3.68
145|3.73
146|3.74
147|3.76
148|3.76
149|3.75
150|3.75
151|3.76
152|3.74
153|3.71
154|3.7
155|3.71
156|3.7
157|3.66
158|3.586
159|3.6
160|3.62
161|3.62
162|3.61
163|3.61
164|3.61
165|3.61
166|3.6
167|3.57
168|3.55
169|3.53
170|3.53
171|3.57
172|3.54
173|3.54
174|3.55
175|3.55
176|3.55
177|3.53
178|3.54
179|3.55
180|3.54
181|3.54
182|3.52
183|3.52
184|3.51
185|3.5
186|3.5
187|3.47
188|3.5
189|3.57
190|3.62
191|3.58
192|3.54
193|3.53
194|3.53
195|3.54
196|3.54
197|3.52
198|3.51
199|3.5
200|3.52
201|3.55
202|3.54
203|3.5
204|3.47
205|3.48
206|3.47
207|3.44
208|3.42
209|3.4
210|3.4
211|3.39
212|3.37
213|3.37
214|3.35
215|3.34
216|3.33
217|3.29
218|3.3
219|3.34
220|3.35
221|3.33
222|3.25
223|3.23
224|3.27
225|3.21
226|3.19
227|3.11
228|3.11
229|3.14
230|3.22
231|3.33
232|3.33
233|3.3
234|3.25
235|3.21
236|3.19
237|3.17
238|3.17
239|3.15
240|3.16
241|3.13
242|3.11
243|3.11
244|3.14
245|3.19
246|3.147
247|3.17
248|3.2
249|3.21
250|3.19
251|3.17
252|3.16
253|3.17
254|3.2
255|3.21
256|3.21
257|3.18
258|3.18
259|3.18
260|3.17
261|3.14
262|3.13
263|3.11
264|3.12
265|3.12
266|3.09
267|3.06
268|3.02
269|3.03
270|3.025
271|2.97
272|2.94
273|2.9
274|2.88
275|2.975
276|2.975
277|2.965
278|2.905
279|2.912
280|2.91
281|2.975
282|2.975
283|2.975
284|2.89
285|2.975
286|2.945
287|2.963
288|2.938
289|2.9275
290|2.9275
291|2.922
292|2.878
293|2.84
294|2.86
295|2.878
296|2.868
297|2.85
298|2.822
299|2.822
300|2.797
301|2.8
302|2.8
303|2.813
304|2.767
305|2.79
306|2.777
307|2.77
308|2.8
309|2.84
310|2.94
311|2.943
312|2.882
313|2.845
314|2.88
315|2.9
316|2.87
317|2.87
318|2.8875
319|2.885
320|2.862
321|2.8525
322|2.835
323|2.8275
324|2.8275
325|2.828
326|2.8175
327|2.81
328|2.825
329|2.8425
330|2.828
331|2.8275
332|2.8075
333|2.7975
334|2.8075
335|2.805
336|2.79
337|2.79
338|2.762
339|2.787
340|2.7959
341|2.813
342|2.81
343|2.807
344|2.803
345|2.79
346|2.784
347|2.7825
348|2.78
349|2.767
350|2.76
351|2.77
352|2.793
353|2.785
354|2.793
355|2.81
356|2.799
357|2.787
358|2.781
359|2.81
360|2.822
361|2.835
362|2.848
363|2.905
364|2.928
365|2.94
366|2.965
367|2.938
368|2.93
369|2.93
370|2.93
371|2.922
372|2.92
373|2.886
374|2.908
375|2.902
376|2.898
377|2.902
378|2.915
379|2.95
380|2.95
381|2.922
382|2.94
383|2.963
384|2.977
385|2.96
386|2.954
387|2.98
388|2.975
389|2.956
390|2.934
391|2.942
392|2.942
393|2.934
394|2.899
395|2.901
396|2.892
397|2.89
398|2.91
399|2.928
400|2.915
401|2.905
402|2.901
403|2.892
404|2.895
405|2.91
406|2.91
407|2.918
408|2.905
409|2.905
410|2.898
411|2.863
412|2.876
413|2.858
414|2.839
415|2.84
416|2.835
417|2.84
418|2.841
419|2.843
420|2.848
421|2.855
422|2.851
423|2.85
424|2.848
425|2.84
426|2.84
427|2.8525
428|2.854
429|2.867
430|2.878
431|2.855
432|2.855
433|2.855
434|2.8575
435|2.8505
436|2.85
437|2.855
438|2.855
439|2.865
440|2.871
441|2.87
442|2.862
443|2.872
444|2.88
445|2.89
446|2.9
447|2.92
448|2.982
449|2.978
450|2.99
451|2.98
452|2.977
453|2.987
454|2.973
455|2.967
456|2.995
457|2.957
458|2.941
459|2.95
460|2.96
461|2.965
462|2.97
463|2.965
464|2.97
465|2.965
466|2.96
467|2.9605
468|2.96
469|2.96
470|2.956
471|2.938
472|2.944
473|2.93
474|2.935
475|2.922
476|2.88
477|2.865
478|2.87
479|2.895
480|2.895
481|2.85
482|2.865
483|2.8775
484|2.8775
485|2.8825
486|2.8825
487|2.895
488|2.91
489|2.912
490|2.911
491|2.911
492|2.91
493|2.921
494|2.954
495|2.928
496|2.936
497|2.94
498|2.944
499|2.96
500|2.955
501|2.936
502|2.94
503|2.942
504|2.93
505|2.9259
506|2.92
507|2.93
508|2.94
509|2.9375
510|2.93
511|2.925
512|2.9175
513|2.925
514|2.93
515|2.924
516|2.92
517|2.92
518|2.917
519|2.925
520|2.935
521|2.935
522|2.9075
523|2.92
524|2.914
525|2.915
526|2.9075
527|2.905
528|2.88
529|2.885
530|2.887
531|2.867
532|2.8725
533|2.88
534|2.879
535|2.887
536|2.871
537|2.866
538|2.86
539|2.845
540|2.85
541|2.85
542|2.829
543|2.806
544|2.83
545|2.82
546|2.8125
547|2.815
548|2.814
549|2.819
550|2.82
551|2.829
552|2.838
553|2.854
554|2.868
555|2.857
556|2.833
557|2.837
558|2.8575
559|2.859
560|2.846
561|2.85
562|2.861
563|2.868
564|2.895
565|2.9225
566|2.92
567|2.91
568|2.9275
569|2.925
570|2.919
571|2.91
572|2.909
573|2.908
574|2.955
575|2.955
576|2.965
577|2.965
578|2.963
579|2.971
580|2.97
581|2.97
582|2.961
583|2.943
584|2.96
585|2.97
586|2.973
587|2.965
588|2.961
589|2.965
590|2.965
591|2.964
592|2.954
593|2.956
594|2.96
595|2.969
596|2.969
597|2.962
598|2.945
599|2.949
600|2.957
601|2.966
602|2.966
603|2.961
604|2.954
605|2.95
606|2.9459
607|2.943
608|2.953
609|2.959
610|2.962
611|2.961
612|2.956
613|2.947
614|2.9499
615|2.9479
616|2.949
617|2.954
618|2.959
619|2.959
620|2.966
621|2.983
622|2.972
623|2.98
624|2.982
625|2.983
626|2.989
627|2.999
628|3.021
629|3.058
630|3.069
631|3.039
632|3.025
633|3.024
634|3.024
635|3.014
636|3.02
637|3.014
638|3.012
639|3.01
640|3.009
641|3.011
642|2.996
643|2.993
644|3.012
645|3.016
646|3.009
647|3.001
648|2.995
649|3.004
650|3.002
651|2.997
652|2.995
653|3.005
654|3.009
655|3.011
656|3.004
657|2.991
658|2.989
659|2.996
660|2.996
661|3.004
662|2.996
663|3.009
664|2.999
665|2.995
666|3.004
667|3.001
668|2.991
669|2.993
670|2.986
671|2.986
672|2.976
673|2.976
674|2.979
675|2.975
676|2.969
677|2.97
678|2.97
679|2.979
680|2.977
681|2.969
682|2.957
683|2.958
684|2.971
685|2.96
686|2.964
687|2.974
688|2.975
689|2.979
690|2.98
691|2.974
692|2.974
693|2.964
694|2.96
695|2.962
696|2.969
697|2.975
698|2.97
699|2.974
700|2.9685
701|2.964
702|2.959
703|2.955
704|2.936
705|2.941
706|2.946
707|2.9535
708|2.938
709|2.947
710|2.945
711|2.9425
712|2.956
713|2.946
714|2.946
715|2.965
716|2.9785
717|2.986
718|2.981
719|2.981
720|2.9785
721|2.9785
722|2.979
723|2.981
724|2.9785
725|2.994
726|2.981
727|2.966
728|2.966
729|2.966
730|2.956
731|2.961
732|2.964
733|2.979
734|2.984
735|2.9765
736|2.977
737|2.974
738|2.969
739|2.974
740|2.969
741|2.972
742|2.969
743|2.9615
744|2.946
745|2.936
746|2.9385
747|2.935
748|2.942
749|2.946
750|2.946
751|2.946
752|2.9335
753|2.926
754|2.926
755|2.9264
756|2.9285
757|2.927
758|2.929
759|2.929
760|2.926
761|2.924
762|2.919
763|2.916
764|2.912
765|2.916
766|2.916
767|2.9085
768|2.906
769|2.896
770|2.9015
771|2.921
772|2.9135
773|2.927
774|2.935
775|2.939
776|2.941
777|2.941
778|2.954
779|2.9575
780|2.956
781|2.9385
782|2.931
783|2.934
784|2.9325
785|2.934
786|2.925
787|2.924
788|2.9175
789|2.92
790|2.921
791|2.9175
792|2.9175
793|2.915
794|2.915
795|2.906
796|2.915
797|2.926
798|2.924
799|2.924
800|2.922
801|2.924
802|2.924
803|2.916
804|2.909
805|2.8925
806|2.899
807|2.894
808|2.896
809|2.88
810|2.89
811|2.904
812|2.905
813|2.907
814|2.904
815|2.906
816|2.904
817|2.906
818|2.901
819|2.905
820|2.913
821|2.914
822|2.904
823|2.8975
824|2.901
825|2.901
826|2.904
827|2.899
828|2.8945
829|2.901
830|2.895
831|2.895
832|2.889
833|2.889
834|2.89
835|2.8899
836|2.891
837|2.89
838|2.89
839|2.891
840|2.889
841|2.891
842|2.885
843|2.886
844|2.885
845|2.885
846|2.8925
847|2.895
848|2.899
849|2.896
850|2.896
851|2.895
852|2.88
853|2.872
854|2.91
855|2.91
856|2.91
857|2.91
858|2.91
859|2.91
860|2.89
861|2.89
862|2.89
863|2.89
864|2.88
865|2.88
866|2.87
867|2.88
868|2.88
869|2.87
870|2.87
871|2.87
872|2.88
873|2.88
874|2.87
875|2.88
876|2.87
877|2.87
878|2.87
879|2.87
880|2.87
881|2.87
882|2.87
883|2.87
884|2.87
885|2.87
886|2.86
887|2.85
888|2.85
889|2.86
890|2.85
891|2.86
892|2.86
893|2.86
894|2.87
895|2.88
896|2.88
897|2.88
898|2.88
899|2.9
900|2.9
901|2.9
902|2.91
903|2.941
904|2.91
905|2.91
906|2.91
907|2.91
908|2.9
909|2.9
910|2.88
911|2.89
912|2.89
913|2.89
914|2.91
915|2.91
916|2.91
917|2.91
918|2.91
919|2.91
920|2.91
921|2.91
922|2.91
923|2.91
924|2.91
925|2.91
926|2.91
927|2.91
928|2.91
929|2.9
930|2.9
931|2.91
932|2.92
933|2.93
934|2.92
935|2.92
936|2.94
937|2.97
938|2.96
939|2.96
940|2.97
941|2.97
942|2.98
943|2.98
944|2.97
945|2.99
946|3
947|3.02
948|3.02
949|3
950|3
951|2.98
952|2.99
953|2.99
954|2.99
955|2.99
956|2.99
957|2.99
958|2.99
959|2.98
960|2.98
961|2.98
962|2.98
963|2.98
964|2.97
965|2.97
966|2.98
967|2.98
968|2.99
969|3
970|2.99
971|2.98
972|2.98
973|2.98
974|3
975|2.99
976|2.99
977|2.99
978|2.99
979|3
980|3
981|3.01
982|3.02
983|3.04
984|3.03
985|3.04
986|3.04
987|3.04
988|3.03
989|3.02
990|3.04
991|3.04
992|3.024
993|3.02
994|3.03
995|3.04
996|3.04
997|3.051
998|3.051
999|3.067
1000|3.065
1001|3
1002|3.053
1003|3.053
1004|3.037
1005|3.05
1006|3.05
1007|3.047
1008|3.047
1009|3.04
1010|3.037
1011|3.049
1012|3.058
1013|3.058
1014|3.061
1015|3.066
1016|3.066
1017|3.066
1018|3.069
1019|3.066
1020|3.073
1021|3.074
1022|3.074
1023|3.074
1024|3.074
1025|3.071
1026|3.071
1027|3.069
1028|3.069
1029|3.067
1030|3.067
1031|3.074
1032|3.075
1033|3.075
1034|3.075
1035|3.075
1036|3.069
1037|3.068
1038|3.079
1039|3.068
1040|3.08
1041|3.084
1042|3.081
1043|3.081
1044|3.08
1045|3.078
1046|3.074
1047|3.074
1048|3.075
1049|3.075
1050|3.075
1051|3.075
1052|3.08
1053|3.082
1054|3.083
1055|3.083
1056|3.081
1057|3.08
1058|3.083
1059|3.083
1060|3.083
1061|3.08
1062|3.08
1063|3.083
1064|3.083
1065|3.078
1066|3.078
1067|3.078
1068|3.07
1069|3.07
1070|3.06
1071|3.06
1072|3.048
1073|3.04
1074|3.04
1075|3.045
1076|3.05
1077|3.045
1078|3.043
1079|3.043
1080|3.043
1081|3.04
1082|3.043
1083|3.04
1084|3.035
1085|3.037
1086|3.043
1087|3.043
1088|3.05
1089|3.055
1090|3.058
1091|3.073
1092|3.073
1093|3.085
1094|3.085
1095|3.085
1096|3.09
1097|3.088
1098|3.08
1099|3.08
1100|3.08
1101|3.083
1102|3.083
1103|3.083
1104|3.083
1105|3.083
1106|3.083
1107|3.083
1108|3.083
1109|3.08
1110|3.08
1111|3.078
1112|3.078
1113|3.083
1114|3.083
1115|3.085
1116|3.09
1117|3.09
1118|3.085
1119|3.085
1120|3.085
1121|3.085
1122|3.085
1123|3.085
1124|3.085
1125|3.085
1126|3.083
1127|3.085
1128|3.085
1129|3.085
1130|3.085
1131|3.08
1132|3.085
1133|3.085
1134|3.085
1135|3.078
1136|3.075
1137|3.075
1138|3.078
1139|3.075
1140|3.073
1141|3.072
1142|3.07
1143|3.07
1144|3.07
1145|3.07
1146|3.07
1147|3.07
1148|3.07
1149|3.08
1150|3.08
1151|3.08
1152|3.08
1153|3.08
1154|3.09
1155|3.09
1156|3.09
1157|3.09
1158|3.1
1159|3.1
1160|3.1
1161|3.1
1162|3.1
1163|3.1
1164|3.1
1165|3.1
1166|3.1
1167|3.11
1168|3.1
1169|3.1
1170|3.11
1171|3.11
1172|3.11
1173|3.1
1174|3.1
1175|3.1
1176|3.1
1177|3.1
1178|3.1
1179|3.1
1180|3.1
1181|3.1
1182|3.1
1183|3.11
1184|3.11
1185|3.11
1186|3.11
1187|3.11
1188|3.11
1189|3.11
1190|3.11
1191|3.11
1192|3.11
1193|3.11
1194|3.11
1195|3.1
1196|3.1
1197|3.09
1198|3.09
1199|3.09
1200|3.09
1201|3.1
1202|3.09
1203|3.09
1204|3.1
1205|3.09
1206|3.09
1207|3.09
1208|3.09
1209|3.09
1210|3.08
1211|3.07
1212|3.07
1213|3.07
1214|3.08
1215|3.07
1216|3.07
1217|3.07
1218|3.08
1219|3.08
1220|3.08
1221|3.07
1222|3.07
1223|3.08
1224|3.08
1225|3.08
1226|3.08
1227|3.07
1228|3.06
1229|3.06
1230|3.06
1231|3.06
1232|3.06
1233|3.06
1234|3.06
1235|3.06
1236|3.06
1237|3.06
1238|3.05
1239|3.05
1240|3.07
1241|3.08
1242|3.07
1243|3.07
1244|3.06
1245|3.07
1246|3.08
1247|3.08
1248|3.08
1249|3.08
1250|3.08
1251|3.08
1252|3.08
1253|3.08
1254|3.08
1255|3.08
1256|3.09
1257|3.1
1258|3.1
1259|3.1
1260|3.1
1261|3.11
1262|3.11
1263|3.11
1264|3.11
1265|3.11
1266|3.1
1267|3.1
1268|3.1
1269|3.1
1270|3.11
1271|3.11
1272|3.11
1273|3.11
1274|3.1
1275|3.1
1276|3.11
1277|3.11
1278|3.11
1279|3.11
1280|3.11
1281|3.11
1282|3.11
1283|3.1
1284|3.1
1285|3.1
1286|3.1
1287|3.1
1288|3.1
1289|3.11
1290|3.11
1291|3.11
1292|3.1
1293|3.1
1294|3.1
1295|3.1
1296|3.1
1297|3.1
1298|3.1
1299|3.1
1300|3.1
1301|3.1
1302|3.11
1303|3.11
1304|3.11
1305|3.1
1306|3.1
1307|3.1
1308|3.1
1309|3.1
1310|3.1
1311|3.09
1312|3.09
1313|3.09
1314|3.09
1315|3.08
1316|3.09
1317|3.09
1318|3.09
1319|3.09
1320|3.09
1321|3.09
1322|3.09
1323|3.09
1324|3.09
1325|3.09
1326|3.09
1327|3.09
1328|3.08
1329|3.08
1330|3.08
1331|3.08
1332|3.08
1333|3.08
1334|3.08
1335|3.08
1336|3.08
1337|3.08
1338|3.08
1339|3.08
1340|3.08
1341|3.09
1342|3.09
1343|3.09
1344|3.08
1345|3.08
1346|3.08
1347|3.07
1348|3.08
1349|3.08
1350|3.08
1351|3.08
1352|3.08
1353|3.08
1354|3.08
1355|3.08
1356|3.08
1357|3.08
1358|3.08
1359|3.08
1360|3.08
1361|3.09
1362|3.09
1363|3.09
1364|3.09
1365|3.09
1366|3.09
1367|3.09
1368|3.09
1369|3.1
1370|3.1
1371|3.1
1372|3.1
1373|3.1
1374|3.1
1375|3.1
1376|3.1
1377|3.11
1378|3.11
1379|3.11
1380|3.13
1381|3.17
1382|3.2
1383|3.14
1384|3.12
1385|3.13
1386|3.12
1387|3.14
1388|3.14
1389|3.14
1390|3.14
1391|3.14
1392|3.14
1393|3.14
1394|3.15
1395|3.15
1396|3.15
1397|3.15
1398|3.155
1399|3.155
1400|3.165
1401|3.17
1402|3.18
1403|3.17
1404|3.17
1405|3.17
1406|3.17
1407|3.16
1408|3.16
1409|3.16
1410|3.165
1411|3.165
1412|3.165
1413|3.163
1414|3.16
1415|3.1475
1416|3.1375
1417|3.1325
1418|3.1375
1419|3.1375
1420|3.1375
1421|3.1325
1422|3.14
1423|3.1475
1424|3.145
1425|3.1475
1426|3.15
1427|3.15
1428|3.15
1429|3.15
1430|3.1475
1431|3.1525
1432|3.155
1433|3.1575
1434|3.16
1435|3.1555
1436|3.155
1437|3.1575
1438|3.1575
1439|3.1589
1440|3.16
1441|3.1625
1442|3.1625
1443|3.1625
1444|3.17
1445|3.175
1446|3.18
1447|3.18
1448|3.1725
1449|3.1575
1450|3.15
1451|3.1425
1452|3.135
1453|3.129
1454|3.1325
1455|3.1325
1456|3.1265
1457|3.1325
1458|3.1325
1459|3.132
1460|3.135
1461|3.13
1462|3.125
1463|3.1325
1464|3.132
1465|3.133
1466|3.1395
1467|3.14
1468|3.145
1469|3.1453
1470|3.151
1471|3.15
1472|3.1503
1473|3.146
1474|3.14
1475|3.136
1476|3.133
1477|3.135
1478|3.139
1479|3.139
1480|3.1405
1481|3.14
1482|3.143
1483|3.144
1484|3.1425
1485|3.1375
1486|3.133
1487|3.1375
1488|3.1395
1489|3.145
1490|3.151
1491|3.15
1492|3.1475
1493|3.143
1494|3.1415
1495|3.137
1496|3.131
1497|3.13
1498|3.13
1499|3.13
1500|3.139
1501|3.1425
1502|3.1475
1503|3.15
1504|3.153
1505|3.16
1506|3.1548
1507|3.158
1508|3.154
1509|3.15
1510|3.1525
1511|3.1525
1512|3.1575
1513|3.16
1514|3.152
1515|3.159
1516|3.165
1517|3.1705
1518|3.169
1519|3.169
1520|3.169
1521|3.162
1522|3.156
1523|3.156
1524|3.1525
1525|3.153
1526|3.155
1527|3.1525
1528|3.1475
1529|3.1575
1530|3.159
1531|3.16
1532|3.1575
1533|3.1575
1534|3.16
1535|3.16
1536|3.1548
1537|3.1525
1538|3.152
1539|3.1575
1540|3.1573
1541|3.1525
1542|3.152
1543|3.15
1544|3.145
1545|3.15
1546|3.1475
1547|3.156
1548|3.1625
1549|3.17
1550|3.165
1551|3.1648
1552|3.1698
1553|3.1673
1554|3.165
1555|3.165
1556|3.16
1557|3.16
1558|3.16
1559|3.1575
1560|3.154
1561|3.155
1562|3.1623
1563|3.1675
1564|3.1745
1565|3.1715
1566|3.175
1567|3.183
1568|3.1823
1569|3.185
1570|3.185
1571|3.185
1572|3.185
1573|3.185
1574|3.1725
1575|3.175
1576|3.1773
1577|3.185
1578|3.18
1579|3.1775
1580|3.178
1581|3.165
1582|3.1623
1583|3.1623
1584|3.147
1585|3.1478
1586|3.1398
1587|3.1348
1588|3.1375
1589|3.135
1590|3.141
1591|3.1275
1592|3.1175
1593|3.1123
1594|3.1
1595|3.0975
1596|3.0695
1597|3.0725
1598|3.062
1599|3.07
1600|3.065
1601|3.065
1602|3.062
1603|3.0525
1604|3.04
1605|3.0375
1606|3.035
1607|3.03
1608|3.035
1609|3.02
1610|3.0173
1611|3.0175
1612|3.0199
1613|3.0273
1614|3.0275
1615|3.0245
1616|3.02
1617|3.0273
1618|3.0275
1619|3.0175
1620|3.015
1621|3.0175
1622|3.0225
1623|3.025
1624|3.025
1625|3.0275
1626|3.0225
1627|3.025
1628|3.025
1629|3.023
1630|3.017
1631|3.0175
1632|3.02
1633|3.02
1634|3.025
1635|3.027
1636|3.045
1637|3.0425
1638|3.04
1639|3.0425
1640|3.0425
1641|3.0485
1642|3.0525
1643|3.035
1644|3.0375
1645|3.03
1646|3.03
1647|3.0325
1648|3.0275
1649|3.026
1650|3.025
1651|3.025
1652|3.0275
1653|3.0275
1654|3.0275
1655|3.0275
1656|3.0325
1657|3.03
1658|3.0398
1659|3.0375
1660|3.04
1661|3.04
1662|3.05
1663|3.0575
1664|3.0755
1665|3.08
1666|3.0835
1667|3.0875
1668|3.095
1669|3.1055
1670|3.12
1671|3.1175
1672|3.1
1673|3.1
1674|3.1075
1675|3.112
1676|3.1175
1677|3.1198
1678|3.135
1679|3.135
1680|3.145
1681|3.1625
1682|3.198
1683|3.2175
1684|3.2225
1685|3.2325
1686|3.2225
1687|3.195
1688|3.2
1689|3.205
1690|3.2125
1691|3.222
1692|3.212
1693|3.224
1694|3.255
1695|3.28
1696|3.3
1697|3.37
1698|3.37
1699|3.39
1700|3.3875
1701|3.3875
1702|3.3295
1703|3.3048
1704|3.3048
1705|3.305
1706|3.3
1707|3.3
1708|3.3075
1709|3.3073
1710|3.312
1711|3.3125
1712|3.3215
1713|3.3275
1714|3.3298
1715|3.335
1716|3.3375
1717|3.34
1718|3.35
1719|3.3575
1720|3.375
1721|3.3825
1722|3.396
1723|3.4098
1724|3.4425
1725|3.474
1726|3.45
1727|3.4325
1728|3.4175
1729|3.41
1730|3.425
1731|3.4225
1732|3.4025
1733|3.4075
1734|3.4078
1735|3.4178
1736|3.426
1737|3.435
1738|3.437
1739|3.4425
1740|3.445
1741|3.454
1742|3.456
1743|3.46
1744|3.452
1745|3.436
1746|3.455
1747|3.45
1748|3.4505
1749|3.45
1750|3.4475
1751|3.454
1752|3.455
1753|3.4575
1754|3.4575
1755|3.4625
1756|3.4725
1757|3.4755
1758|3.48
1759|3.486
1760|3.4855
1761|3.49
1762|3.4875
1763|3.4905
1764|3.4925
1765|3.502
1766|3.49
1767|3.4875
1768|3.4875
1769|3.4875
1770|3.4875
1771|3.49
1772|3.4925
1773|3.495
1774|3.4975
1775|3.505
1776|3.5125
1777|3.535
1778|3.5375
1779|3.55
1780|3.555
1781|3.555
1782|3.56
1783|3.57
1784|3.6075
1785|3.6125
1786|3.62
1787|3.6278
1788|3.6325
1789|3.6385
1790|3.6375
1791|3.645
1792|3.6475
1793|3.651
1794|3.6428
1795|3.6475
1796|3.6603
1797|3.649
1798|3.658
1799|3.689
1800|3.69
1801|3.6965
1802|3.717
1803|3.7175
1804|3.72
1805|3.7125
1806|3.6945
1807|3.6775
1808|3.6755
1809|3.6775
1810|3.6825
1811|3.68
1812|3.6775
1813|3.6775
1814|3.684
1815|3.69
1816|3.6925
1817|3.698
1818|3.6975
1819|3.6978
1820|3.705
1821|3.715
1822|3.7225
1823|3.715
1824|3.6978
1825|3.7
1826|3.7125
1827|3.7225
1828|3.7228
1829|3.721
1830|3.7228
1831|3.725
1832|3.7275
1833|3.73
1834|3.73
1835|3.73
1836|3.7325
1837|3.7325
1838|3.7375
1839|3.74
1840|3.7375
1841|3.745
1842|3.75
1843|3.745
1844|3.7425
1845|3.7453
1846|3.7425
1847|3.7575
1848|3.76
1849|3.76
1850|3.76
1851|3.7561
1852|3.769
1853|3.7755
1854|3.7597
1855|3.77
1856|3.775
1857|3.7788
1858|3.7928
1859|3.7915
1860|3.798
1861|3.8
1862|3.79
1863|3.797
1864|3.797
1865|3.8005
1866|3.803
1867|3.8039
1868|3.8049
1869|3.808
1870|3.8092
1871|3.8252
1872|3.8081
1873|3.8092
1874|3.8062
1875|3.8084
1876|3.8129
1877|3.8064
1878|3.8105
1879|3.8079
1880|3.8095
1881|3.8128
1882|3.822
1883|3.8323
1884|3.835
1885|3.827
1886|3.8232
1887|3.8232
1888|3.8232
1889|3.8288
1890|3.8312
1891|3.8324
1892|3.8349
1893|3.8407
1894|3.8467
1895|3.8472
1896|3.851
1897|3.8497
1898|3.8489
1899|3.854
1900|3.857
1901|3.8504
1902|3.8505
1903|3.8528
1904|3.8564
1905|3.8524
1906|3.8439
1907|3.8506
1908|3.8475
1909|3.8532
1910|3.8481
1911|3.8585
1912|3.8493
1913|3.8591
1914|3.852
1915|3.8225
1916|3.8281
1917|3.8341
1918|3.8389
1919|3.8398
1920|3.8374
1921|3.834
1922|3.8437
1923|3.8438
1924|3.8477
1925|3.8384
1926|3.8438
1927|3.8452
1928|3.8431
1929|3.8408
1930|3.8406
1931|3.8372
1932|3.8333
1933|3.8303
1934|3.824
1935|3.8231
1936|3.8255
1937|3.8212
1938|3.8237
1939|3.821
1940|3.8231
1941|3.8228
1942|3.8218
1943|3.827
1944|3.8228
1945|3.8225
1946|3.8242
1947|3.8195
1948|3.8285
1949|3.8162
1950|3.8175
1951|3.8182
1952|3.8182
1953|3.8178
1954|3.8186
1955|3.8167
1956|3.8142
1957|3.815
1958|3.816
1959|3.8139
1960|3.8158
1961|3.8046
1962|3.803
1963|3.7978
1964|3.8019
1965|3.8046
1966|3.8009
1967|3.81
1968|3.81
1969|3.8127
1970|3.813
1971|3.8118
1972|3.808
1973|3.8052
1974|3.8054
1975|3.8057
1976|3.802
1977|3.802
1978|3.8066
1979|3.8145
1980|3.812
1981|3.8201
1982|3.809
1983|3.809
1984|3.801
1985|3.7941
1986|3.7941
1987|3.792
1988|3.8248
1989|3.8032
1990|3.8011
1991|3.7985
1992|3.798
1993|3.815
1994|3.7979
1995|3.7952
1996|3.799
1997|3.795
1998|3.7974
1999|3.7992
2000|3.8
2001|3.7978
2002|3.8
2003|3.8001
2004|3.8086
2005|3.8079
2006|3.8087
2007|3.8151
2008|3.818
2009|3.8195
2010|3.8305
2011|3.8408
2012|3.8328
2013|3.8367
2014|3.844
2015|3.843
2016|3.842
2017|3.8471
2018|3.846
2019|3.8493
2020|3.857
2021|3.855
2022|3.8595
2023|3.852
2024|3.8554
2025|3.858
2026|3.858
2027|3.863
2028|3.8603
2029|3.862
2030|3.8595
2031|3.859
2032|3.856
2033|3.856
2034|3.86
2035|3.859
2036|3.8562
2037|3.8618
2038|3.862
2039|3.862
2040|3.8645
2041|3.8622
2042|3.8643
2043|3.8643
2044|3.8643
2045|3.8643
2046|3.8643
2047|3.8643
2048|3.8643
2049|3.8698
2050|3.8761
2051|3.877
2052|3.881
2053|3.881
2054|3.882
2055|3.8819
2056|3.8797
2057|3.8796
2058|3.8767
2059|3.8807
2060|3.8815
2061|3.8795
2062|3.8725
2063|3.873
2064|3.8658
2065|3.8715
2066|3.868
2067|3.872
2068|3.873
2069|3.873
2070|3.882
2071|3.8815
2072|3.8832
2073|3.8891
2074|3.887
2075|3.8933
2076|3.9115
2077|3.899
2078|3.8947
2079|3.897
2080|3.8942
2081|3.897
2082|3.8955
2083|3.896
2084|3.902
2085|3.9118
2086|3.8904
2087|3.9055
2088|3.9049
2089|3.9058
2090|3.9070
2091|3.9076
2092|3.9129
2093|3.921
2094|3.9079
2095|3.935
2096|3.9275
2097|3.925
2098|3.9275
2099|3.925
2100|3.92
2101|3.92
2102|3.9225
2103|3.9275
2104|3.93
2105|3.93
2106|3.93
2107|3.93
2108|3.93
2109|3.9315
2110|3.9325
2111|3.93
2112|3.935
2113|3.935
2114|3.935
2115|3.935
2116|3.935
2117|3.9375
2118|3.9375
2119|3.94
2120|3.94
2121|3.94
2122|3.94
2123|3.945
2124|3.94
2125|3.9375
2126|3.9375
2127|3.94
2128|3.9375
2129|3.94
2130|3.9375
2131|3.9375
2132|3.935
2133|3.935
2134|3.935
2135|3.935
2136|3.9375
2137|3.94
2138|3.945
2139|3.94
2140|3.9375
2141|3.9375
2142|3.9375
2143|3.935
2144|3.935
2145|3.9375
2146|3.9375
2147|3.935
2148|3.9375
2149|3.9365
2150|3.9375
2151|3.94
2152|3.94
2153|3.94
2154|3.9425
2155|3.945
2156|3.9475
2157|3.9475
2158|3.9475
2159|3.95
2160|3.9525
2161|3.9525
2162|3.95
2163|3.9475
2164|3.9475
2165|3.95
2166|3.95
2167|3.95
2168|3.95
2169|3.9525
2170|3.9525
2171|3.9525
2172|3.955
2173|3.955
2174|3.955
2175|3.955
2176|3.955
2177|3.9625
2178|3.975
2179|3.975
2180|3.9675
2181|3.9625
2182|3.965
2183|3.965
2184|3.96
2185|3.9625
2186|3.9625
2187|3.96
2188|3.9575
2189|3.955
2190|3.9525
2191|3.96
2192|3.9575
2193|3.9625
2194|3.96
2195|3.96
2196|3.96
2197|3.96
2198|3.9625
2199|3.9625
2200|3.96
2201|3.9625
2202|3.9675
2203|3.965
2204|3.965
2205|3.975
2206|3.9775
2207|3.9775
2208|3.9775
2209|3.975
2210|3.9775
2211|3.9775
2212|3.985
2213|3.9875
2214|3.9875
2215|3.9825
2216|3.9825
2217|3.9825
2218|3.98
2219|3.98
2220|3.9775
2221|3.975
2222|3.9775
2223|3.9775
2224|3.98
2225|3.9775
2226|3.9775
2227|3.975
2228|3.9825
2229|3.9875
2230|3.985
2231|3.9825
2232|3.98
2233|3.9775
2234|3.9742
2235|3.9721
2236|3.9726
2237|3.9801
2238|3.9521
2239|3.9782
2240|3.9737
2241|3.9521
2242|3.9825
2243|3.9825
2244|3.9875
2245|3.985
2246|3.985
2247|3.9875
2248|3.99
2249|3.9925
2250|3.9925
2251|3.9975
2252|4.005
2253|4.025
2254|4.0125
2255|4.02
2256|4.02
2257|4.02
2258|4.0225
2259|4.02
2260|4.02
2261|4.0225
2262|4.025
2263|4.0275
2264|4.0275
2265|4.0275
2266|4.0275
2267|4.0275
2268|4.0275
2269|4.03
2270|4.0325
2271|4.03
2272|4.0325
2273|4.0325
2274|4.035
2275|4.0338
2276|4.0325
2277|4.031
2278|4.0325
2279|4.0325
2280|4.035
2281|4.035
2282|4.0325
2283|4.0325
2284|4.0375
2285|4.0425
2286|4.0425
2287|4.045
2288|4.045
2289|4.045
2290|4.045
2291|4.0475
2292|4.05
2293|4.0525
2294|4.0575
2295|4.0551
2296|4.0551
2297|4.055
2298|4.055
2299|4.0575
2300|4.055
2301|4.055
2302|4.06
2303|4.0625
2304|4.07
2305|4.0725
2306|4.0775
2307|4.08
2308|4.0825
2309|4.085
2310|4.0825
2311|4.0875
2312|4.0825
2313|4.0825
2314|4.0816
2315|4.082
2316|4.0825
2317|4.0825
2318|4.085
2319|4.0803
2320|4.085
2321|4.0875
2322|4.084
2323|4.085
2324|4.0875
2325|4.085
2326|4.09
2327|4.09
2328|4.087
2329|4.09
2330|4.09
2331|4.09
2332|4.087
2333|4.09
2334|4.0925
2335|4.0925
2336|4.095
2337|4.089
2338|4.095
2339|4.093
2340|4.093
2341|4.095
2342|4.097
2343|4.094
2344|4.094
2345|4.0975
2346|4.0975
2347|4.097
2348|4.0975
2349|4.0975
2350|4.099
2351|4.1
2352|4.1025
2353|4.105
2354|4.1075
2355|4.1125
2356|4.115
2357|4.1125
2358|4.1125
2359|4.12
2360|4.1225
2361|4.125
2362|4.125
2363|4.125
2364|4.125
2365|4.125
2366|4.123
2367|4.1275
2368|4.13
2369|4.14
2370|4.14
2371|4.1425
2372|4.1425
2373|4.14
2374|4.14
2375|4.1425
2376|4.145
2377|4.1475
2378|4.15
2379|4.15
2380|4.155
2381|4.1575
2382|4.16
2383|4.1575
2384|4.16
2385|4.16
2386|4.1625
2387|4.1625
2388|4.165
2389|4.165
2390|4.17
2391|4.1775
2392|4.18
2393|4.1860
2394|4.1875
2395|4.19
2396|4.1875
2397|4.1875
2398|4.19
2399|4.1975
2400|4.2025
2401|4.23
2402|4.205
2403|4.205
2404|4.2125
2405|4.21
2406|4.2075
2407|4.2075
2408|4.2075
2409|4.2075
2410|4.2075
2411|4.2075
2412|4.2075
2413|4.2075
2414|4.1925
2415|4.1925
2416|4.2025
2417|4.2075
2418|4.2075
2419|4.2075
2420|4.2075
2421|4.2075
2422|4.2075
2423|4.2075
2424|4.2075
2425|4.21
2426|4.2125
2427|4.2125
2428|4.212
2429|4.215
2430|4.215
2431|4.2175
2432|4.22
2433|4.23
2434|4.2275
2435|4.2375
2436|4.2375
2437|4.2375
2438|4.24
2439|4.24
2440|4.24
2441|4.24
2442|4.24
2443|4.24
2444|4.245
2445|4.255
2446|4.2525
2447|4.2575
2448|4.2625
2449|4.2625
2450|4.265
2451|4.265
2452|4.265
2453|4.2775
2454|4.2675
2455|4.2625
2456|4.26
2457|4.26
2458|4.2625
2459|4.2625
2460|4.265
2461|4.265
2462|4.2675
2463|4.285
2464|4.2875
2465|4.2875
2466|4.29
2467|4.2825
2468|4.2825
2469|4.2820
2470|4.2822
2471|4.2825
2472|4.2825
2473|4.285
2474|4.2875
2475|4.2925
2476|4.295
2477|4.295
2478|4.295
2479|4.295
2480|4.3
2481|4.3
2482|4.31
2483|4.3075
2484|4.3070
2485|4.3075
2486|4.31
2487|4.31
2488|4.3175
2489|4.3175
2490|4.315
2491|4.315
2492|4.315
2493|4.3225
2494|4.325
2495|4.3325
2496|4.3375
2497|4.34
2498|4.34
2499|4.3375
2500|4.3375
2501|4.34
2502|4.3375
2503|4.3375
2504|4.3375
2505|4.34
2506|4.3425
2507|4.345
2508|4.35
2509|4.35
2510|4.35
2511|4.3525
2512|4.355
2513|4.3575
2514|4.3575
2515|4.3575
2516|4.3575
2517|4.3575
2518|4.36
2519|4.35
2520|4.34
2521|4.3375
2522|4.34
2523|4.34
2524|4.3425
2525|4.345
2526|4.35
2527|4.355
2528|4.36
2529|4.355
2530|4.3625
2531|4.3675
2532|4.3675
2533|4.37
2534|4.37
2535|4.3725
2536|4.375
2537|4.3775
2538|4.3775
2539|4.38
2540|4.3825
2541|4.385
2542|4.39
2543|4.3875
2544|4.3875
2545|4.3925
2546|4.3975
2547|4.3975
2548|4.3975
2549|4.4
2550|4.405
2551|4.4075
2552|4.41
2553|4.415
2554|4.415
2555|4.4175
2556|4.42
2557|4.4275
2558|4.43
2559|4.43
2560|4.4375
2561|4.4425
2562|4.4425
2563|4.465
2564|4.4425
2565|4.445
2566|4.445
2567|4.45
2568|4.455
2569|4.4625
2570|4.47
2571|4.47
2572|4.4725
2573|4.4725
2574|4.48
2575|4.475
2576|4.475
2577|4.475
2578|4.475
2579|4.47775
2580|4.49
2581|4.4925
2582|4.4875
2583|4.4875
2584|4.4925
2585|4.4925
2586|4.4925
2587|4.4975
2588|4.5
2589|4.5
2590|4.505
2591|4.51
2592|4.515
2593|4.5175
2594|4.5175
2595|4.5175
2596|4.5275
2597|4.53
2598|4.53
2599|4.5275
2600|4.5275
2601|4.5325
2602|4.5375
2603|4.54
2604|4.545
2605|4.55
2606|4.55
2607|4.55
2608|4.555
2609|4.56
2610|4.56
2611|4.5675
2612|4.5725
2613|4.575
2614|4.57
2615|4.5775
2616|4.5775
2617|4.5775
2618|4.5875
2619|4.59
2620|4.59
2621|4.5925
2622|4.595
2623|4.6
2624|4.6
2625|4.6025
2626|4.605
2627|4.6075
2628|4.61
2629|4.6125
2630|4.615
2631|4.6175
2632|4.62
2633|4.62
2634|4.62
2635|4.63
2636|4.6325
2637|4.635
2638|4.6325
2639|4.635
2640|4.6425
2641|4.6425
2642|4.6525
2643|4.655
2644|4.6575
2645|4.665
2646|4.665
2647|4.665
2648|4.665
2649|4.6675
2650|4.675
2651|4.6775
2652|4.68
2653|4.685
2654|4.6875
2655|4.6875
2656|4.6925
2657|4.6925
2658|4.695
2659|4.6975
2660|4.7025
2661|4.7025
2662|4.705
2663|4.7075
2664|4.7125
2665|4.715
2666|4.7175
2667|4.7225
2668|4.725
2669|4.73
2670|4.735
2671|4.735
2672|4.7375
2673|4.7425
2674|4.745
2675|4.7475
2676|4.7525
2677|4.755
2678|4.755
2679|4.76
2680|4.768
2681|4.77
2682|4.7725
2683|4.7725
2684|4.775
2685|4.775
2686|4.7775
2687|4.7775
2688|4.7825
2689|4.785
2690|4.7875
2691|4.79
2692|4.7975
2693|4.8025
2694|4.8075
2695|4.81
2696|4.8175
2697|4.825
2698|4.8225
2699|4.83
2700|4.835
2701|4.8375
2702|4.842
2703|4.845
2704|4.85
2705|4.855
2706|4.86
2707|4.865
2708|4.868
2709|4.873
2710|4.875
2711|4.878
2712|4.883
2713|4.888
2714|4.893
2715|4.9
2716|4.903
2717|4.908
2718|4.913
2719|4.915
2720|4.918
2721|4.928
2722|4.93
2723|4.93
2724|4.935
2725|4.94
2726|4.94
2727|4.943
2728|4.945
2729|4.955
2730|4.953
2731|4.953
2732|4.953
2733|4.955
2734|4.96
2735|4.96
2736|4.968
2737|4.965
2738|4.97
2739|4.975
2740|4.978
2741|4.99
2742|4.99
2743|4.99
2744|4.985
2745|4.988
2746|4.99
2747|4.995
2748|5
2749|5
2750|5
2751|5.008
2752|5.008
2753|5.015
2754|5.015
2755|5.025
2756|5.033
2757|5.033
2758|5.038
2759|5.04
2760|5.045
2761|5.05
2762|5.053
2763|5.058
2764|5.06
2765|5.063
2766|5.068
2767|5.068
2768|5.078
2769|5.08
2770|5.083
2771|5.09
2772|5.095
2773|5.1
2774|5.1
2775|5.1
2776|5.103
2777|5.115
2778|5.12
2779|5.123
2780|5.125
2781|5.125
2782|5.125
2783|5.125
2784|5.133
2785|5.138
2786|5.138
2787|5.138
2788|5.14
2789|5.143
2790|5.148
2791|5.153
2792|5.155
2793|5.158
2794|5.16
2795|5.163
2796|5.168
2797|5.17
2798|5.175
2799|5.178
2800|5.178
2801|5.183
2802|5.185
2803|5.193
2804|5.195
2805|5.203
2806|5.21
2807|5.215
2808|5.218
2809|5.225
2810|5.233
2811|5.235
2812|5.238
2813|5.238
2814|5.235
2815|5.24
2816|5.248
2817|5.253
2818|5.26
2819|5.268
2820|5.27
2821|5.275
2822|5.28
2823|5.285
2824|5.283
2825|5.288
2826|5.29
2827|5.293
2828|5.295
2829|5.305
2830|5.303
2831|5.308
2832|5.315
2833|5.323
2834|5.33
2835|5.335
2836|5.34
2837|5.345
2838|5.353
2839|5.353
2840|5.353
2841|5.365
2842|5.365
2843|5.373
2844|5.38
2845|5.39
2846|5.393
2847|5.398
2848|5.403
2849|5.405
2850|5.408
2851|5.41
2852|5.41
2853|5.418
2854|5.423
2855|5.428
2856|5.433
2857|5.438
2858|5.443
2859|5.453
2860|5.465
2861|5.465
2862|5.465
2863|5.468
2864|5.483
2865|5.485
2866|5.498
2867|5.503
2868|5.51
2869|5.515
2870|5.518
2871|5.525
2872|5.53
2873|5.533
2874|5.543
2875|5.545
2876|5.555
2877|5.57
2878|5.575
2879|5.585
2880|5.6
2881|5.602
2882|5.605
2883|5.61
2884|5.62
2885|5.63
2886|5.64
2887|5.65
2888|5.655
2889|5.67
2890|5.68
2891|5.685
2892|5.7
2893|5.71
2894|5.705
2895|5.71
2896|5.71
2897|5.72
2898|5.73
2899|5.725
2900|5.735
2901|5.74
2902|5.75
2903|5.76
2904|5.765
2905|5.77
2906|5.78
2907|5.78
2908|5.78
2909|5.79
2910|5.795
2911|5.8
2912|5.805
2913|5.81
2914|5.82
2915|5.82
2916|5.83
2917|5.83
2918|5.83
2919|5.835
2920|5.84
2921|5.843
2922|5.845
2923|5.85
2924|5.86
2925|5.86
2926|5.87
2927|5.87
2928|5.87
2929|5.875
2930|5.89
2931|5.9
2932|5.9
2933|5.91
2934|5.92
2935|5.94
2936|5.95
2937|5.95
2938|5.96
2939|5.95
2940|5.97
2941|5.98
2942|5.98
2943|5.98
2944|5.995
2945|6
2946|6.005
2947|6.045
2948|6.05
2949|6.065
2950|6.09
2951|6.105
2952|6.105
2953|6.115
2954|6.13
2955|6.15
2956|6.165
2957|6.185
2958|6.205
2959|6.235
2960|6.25
2961|6.255
2962|6.27
2963|6.285
2964|6.29
2965|6.295
2966|6.32
2967|6.34
2968|6.385
2969|6.405
2970|6.43
2971|6.45
2972|6.48
2973|6.5
2974|6.525
2975|6.55
2976|6.56
2977|6.6
2978|6.605
2979|6.61
2980|6.635
2981|6.665
2982|6.7
2983|6.715
2984|6.765
2985|6.78
2986|6.805
2987|6.84
2988|6.89
2989|7.125
2990|8.01
2991|8.015
2992|8.01
2993|8.015
2994|8.01
2995|8.025
2996|8.025
2997|8.025
2998|8.015
2999|7.91
3000|7.89
3001|7.85
3002|7.82
3003|7.82
3004|7.82
3005|7.8
3006|7.79
3007|7.78
3008|7.775
3009|7.79
3010|7.825
3011|7.865
3012|7.88
3013|7.88
3014|7.89
3015|7.89
3016|7.885
3017|7.886
3018|7.888
3019|7.89
3020|7.885
3021|7.875
3022|7.875
3023|7.875
3024|7.885
3025|7.895
3026|7.905
3027|7.935
3028|7.965
3029|7.965
3030|7.975
3031|7.985
3032|7.994
3033|8.015
3034|8
3035|8.01
3036|8.015
3037|8.01
3038|8.01
3039|8.01
3040|8.01
3041|8.01
3042|8.01
3043|8.01
3044|8.01
3045|8.01
3046|8.01
3047|8.01
3048|8.01
3049|8.01
3050|8.01
3051|8.01
3052|8.01
3053|8.01
3054|8.01
3055|8.01
3056|8.01
3057|8.01
3058|8.01
3059|8.01
3060|8.01
3061|8.01
3062|8.01
3063|8.01
3064|8.01
3065|8.02
3066|8.02
3067|8.025
3068|8.035
3069|8.05
3070|8.07
3071|8.07
3072|8.07
3073|8.075
3074|8.075
3075|8.075
3076|8.08
3077|8.08
3078|8.085
3079|8.09
3080|8.09
3081|8.095
3082|8.1
3083|8.11
3084|8.12
3085|8.14
3086|8.145
3087|8.145
3088|8.15
3089|8.15
3090|8.15
3091|8.15
3092|8.15
3093|8.15
3094|8.15
3095|8.15
3096|8.15
3097|8.15
3098|8.15
3099|8.15
3100|8.15
3101|8.15
3102|8.15
3103|8.15
3104|8.15
3105|8.15
3106|8.15
3107|8.16
3108|8.16
3109|8.16
3110|8.16
3111|8.17
3112|8.17
3113|8.17
3114|8.17
3115|8.17
3116|8.17
3117|8.18
3118|8.18
3119|8.18
3120|8.19
3121|8.19
3122|8.2
3123|8.21
3124|8.22
3125|8.23
3126|8.25
3127|8.28
3128|8.28
3129|8.28
3130|8.28
3131|8.29
3132|8.29
3133|8.29
3134|8.29
3135|8.29
3136|8.29
3137|8.295
3138|8.3
3139|8.33
3140|8.405
3141|8.42
3142|8.42
3143|8.42
3144|8.42
3145|8.42
3146|8.42
3147|8.42
3148|8.42
3149|8.42
3150|8.41
3151|8.42
3152|8.42
3153|8.42
3154|8.42
3155|8.42
3156|8.42
3157|8.42
3158|8.42
3159|8.43
3160|8.43
3161|8.44
3162|8.45
3163|8.44
3164|8.44
3165|8.44
3166|8.46
3167|8.49
3168|8.44
3169|8.47
3170|8.46
3171|8.48
3172|8.49
3173|8.47
3174|8.48
3175|8.49
3176|8.48
3177|8.483
3178|8.485
3179|8.49
3180|8.49
3181|8.49
3182|8.5
3183|8.505
3184|8.5
3185|8.5
3186|8.505
3187|8.51
3188|8.515
3189|8.515
3190|8.515
3191|8.515
3192|8.52
3193|8.52
3194|8.52
3195|8.52
3196|8.52
3197|8.52
3198|8.52
3199|8.52
3200|8.52
3201|8.525
3202|8.525
3203|8.53
3204|8.53
3205|8.53
3206|8.53
3207|8.53
3208|8.535
3209|8.535
3210|8.535
3211|8.54
3212|8.54
3213|8.555
3214|8.555
3215|8.56
3216|8.56
3217|8.56
3218|8.565
3219|8.565
3220|8.565
3221|8.565
3222|8.565
3223|8.565
3224|8.57
3225|8.565
3226|8.565
3227|8.565
3228|8.565
3229|8.565
3230|8.565
3231|8.565
3232|8.565
3233|8.565
3234|8.565
3235|8.569
3236|8.57
3237|8.58
3238|8.59
3239|8.6
3240|8.605
3241|8.605
3242|8.605
3243|8.605
3244|8.61
3245|8.61
3246|8.61
3247|8.62
3248|8.625
3249|8.63
3250|8.635
3251|8.64
3252|8.64
3253|8.64
3254|8.645
3255|8.65
3256|8.66
3257|8.67
3258|8.675
3259|8.675
3260|8.675
3261|8.675
3262|8.68
3263|8.685
3264|8.69
3265|8.695
3266|8.695
3267|8.695
3268|8.699
3269|8.7
3270|8.71
3271|8.715
3272|8.72
3273|8.73
3274|8.735
3275|8.735
3276|8.74
3277|8.745
3278|8.75
3279|8.755
3280|8.765
3281|8.77
3282|8.775
3283|8.785
3284|8.79
3285|8.79
3286|8.795
3287|8.795
3288|8.8
3289|8.805
3290|8.81
3291|8.81
3292|8.81
3293|8.812
3294|8.815
3295|8.82
3296|8.82
3297|8.83
3298|8.835
3299|8.84
3300|8.84
3301|8.842
3302|8.845
3303|8.85
3304|8.855
3305|8.855
3306|8.86
3307|8.87
3308|8.87
3309|8.88
3310|8.88
3311|8.88
3312|8.88
3313|8.885
3314|8.89
3315|8.895
3316|8.9
3317|8.905
3318|8.91
3319|8.915
3320|8.92
3321|8.924
3322|8.925
3323|8.93
3324|8.935
3325|8.935
3326|8.94
3327|8.945
3328|8.95
3329|8.95
3330|8.955
3331|8.96
3332|8.965
3333|8.97
3334|8.975
3335|8.98
3336|8.985
3337|8.985
3338|8.99
3339|8.995
3340|9
3341|9.005
3342|9.01
3343|9.015
